USER_NAME;DATE;KEY
FM;06/06/2025;ANA_DRP_ANZ_FPSTOCK
FM;06/06/2025;ANA_DRP_ANZ_FPSTOCK
FM;06/06/2025;DDA_BLM_DRP_ANZ_FPWH
TEST;25/06/2025;PS_WorkScope_01
FM;25/06/2025;PS_WorkScope_01
TEST;25/06/2025;PS_WorkScope_01
FM;25/06/2025;PS_WorkScope_01
FM;25/06/2025;PS_WorkScope_01
FM;25/06/2025;DDA_DRP_ANZ_FPIMPORT
FM;25/06/2025;PS_WorkScope_01
TEST;25/06/2025;PS_WorkScope_01
TEST;25/06/2025;PS_WorkScope_01
FM;25/06/2025;PS_WorkScope_01
FM;25/06/2025;PS_WorkScope_01
FM;27/06/2025;TEST
FM;27/06/2025;TEST
FM;27/06/2025;TEST
FM;27/06/2025;TEST
FM;27/06/2025;TEST
FM;27/06/2025;TEST
FM;27/06/2025;TEST
FM;27/06/2025;TEST
FM;27/06/2025;TEST
FM;30/06/2025;DDA_BLM_DRP_ANZ_FPWH
FM;30/06/2025;BUG_47361
FM;30/06/2025;BUG_47361
FM;30/06/2025;BUG_47361
FM;30/06/2025;ANA_MRP_ANZ_CPSTOCK_LOW
FM;30/06/2025;ANL_KPI_KPI_STOCKVALUE
FM;30/06/2025;ANL_KPI_KPI_STOCKVALUE
FM;30/06/2025;BUG_47361
FM;30/06/2025;BUG_47361
FM;30/06/2025;BUG_47361
FM;30/06/2025;BUG_47361
FM;30/06/2025;BUG_47361
FM;30/06/2025;PS_WorkScope_01
FM;30/06/2025;DDA_BLM_DRP_ANZ_FPWH
FM;30/06/2025;BUG_47361
FM;30/06/2025;BUG_47361
FM;30/06/2025;BUG_47361
FM;01/07/2025;PS_WorkScope_02
FM;01/07/2025;PS_WorkScope_02
FM;01/07/2025;PS_WorkScope_02
FM;01/07/2025;PS_WorkScope_02
FM;01/07/2025;PS_WorkScope_02
FM;01/07/2025;PS_WorkScope_02
FM;02/07/2025;A_DEMO_02
FM;04/07/2025;APS_CR_OPCO_FPSTOCK_02
FM;04/07/2025;TEST_EXPORTING_RL06
FM;04/07/2025;PS_WorkScope_01
FM;04/07/2025;ANA_CLOSED_PERIODS_002
FM;04/07/2025;ANA_CLOSED_PERIODS_002
FM;04/07/2025;TEST_EXPORTING_RL06
FM;04/07/2025;ANA_CLOSED_PERIODS_002
FM;07/07/2025;TEST
FM;07/07/2025;TEST_ABC
FM;07/07/2025;ANA_DRP_ANZ_FPSTOCK_HIGH
FM;07/07/2025;TEST
FM;07/07/2025;TEST_ABC
FM;08/07/2025;ANL_SemJour_UVC_LTModelisation
FM;08/07/2025;BUG_47409
FM;08/07/2025;A_DEMO_02
FM;08/07/2025;A_DEMO_02
FM;08/07/2025;A_DEMO_02
FM;08/07/2025;A_DEMO_02
FM;08/07/2025;A_DEMO_02
FM;08/07/2025;A_DEMO_02
FM;08/07/2025;A_DEMO_02
FM;08/07/2025;A_DEMO_02
FM;08/07/2025;A_DEMO_02
FM;08/07/2025;A_DEMO_02
FM;08/07/2025;PS_WorkScope_01
FM;08/07/2025;PS_WorkScope_01
FM;08/07/2025;PS_WorkScope_01
FM;08/07/2025;PS_WorkScope_01
FM;08/07/2025;PS_WorkScope_01
FM;08/07/2025;PS_WorkScope_01
FM;08/07/2025;ANL_DATA_ALERT_INACTWITHFORE
FM;08/07/2025;ANL_DATA_ALERT_BBNOMB
FM;08/07/2025;A_DEMO_02
FM;09/07/2025;ANL_PRD_IN_SEG_PREPROD
FM;09/07/2025;ANL_PRD_IN_FPQACONTROL
FM;10/07/2025;TEST
FM;10/07/2025;TEST
FM;10/07/2025;TEST
FM;10/07/2025;TEST
FM;10/07/2025;TEST
FM;10/07/2025;TEST
FM;10/07/2025;TEST
FM;10/07/2025;TEST
FM;10/07/2025;TEST
FM;10/07/2025;TEST
FM;10/07/2025;TEST
FM;11/07/2025;TEST
FM;11/07/2025;TEST
FM;11/07/2025;TEST
FM;11/07/2025;TEST
FM;11/07/2025;ANA_CLOSED_PERIODS_002
FM;16/07/2025;TEST
FM;16/07/2025;ANA_CLOSED_PERIODS_003
